year,YLL,YLD,DALY,YLL_rate,YLD_rate,DALY_rate,std_YLL_rate,std_YLD_rate,std_DALY_rate,cancer_1,crude_rate,pop,case,stdrate
2007,1898998.722,52665.06804,1951663.79,279.606482,7.754346661,287.3608287,318.4741616,8.960379979,327.4345415,Colorectal cancer,15.58,679168.347,105814.4285,13.53109299
2008,1804446.921,58021.87561,1862468.797,263.9389323,8.486939527,272.4258718,292.8934665,9.549086619,302.4425531,Colorectal cancer,15.64,683660.764,106924.5435,12.56892818
2009,1939347.628,63591.02741,2002938.655,281.7551339,9.238724499,290.9938584,306.0110795,10.13289619,316.1439757,Colorectal cancer,15.73,688309.5975,108271.0997,13.06328798
2010,1933538.463,69212.60716,2002751.07,279.0115543,9.987449161,288.9990035,296.9763626,10.67604069,307.6524033,Colorectal cancer,15.05,692995.8395,104295.8738,12.73063703
2011,2031169.702,74507.73863,2105677.441,291.1759745,10.68097037,301.8569449,303.1802731,11.13283466,314.3131078,Colorectal cancer,15.34,697574.6215,107007.9469,12.79959299
2012,1981927.067,80142.68706,2062069.754,282.1544348,11.40940802,293.5638428,287.3722815,11.58944283,298.9617244,Colorectal cancer,14.5,702426.339,101851.8192,11.99090586
2013,2011733.377,85693.58382,2097426.961,284.4266232,12.11568936,296.5423126,282.7409097,11.97227551,294.7131852,Colorectal cancer,14.63,707294.3295,103477.1604,11.77158549
2014,2106845.105,92861.7096,2199706.815,295.9458711,13.04416707,308.9900382,287.3066664,12.54238309,299.8490495,Colorectal cancer,15.12,711902.179,107639.6095,11.89038806
2015,2201135.188,100711.8251,2301847.013,307.3433857,14.06234086,321.4057266,291.841019,13.14370953,304.9847285,Colorectal cancer,15.94,716181.083,114159.2646,12.13210004
2016,2261140.563,107951.987,2369092.55,313.9441489,14.98840684,328.9325557,290.7053408,13.6247743,304.3301151,Colorectal cancer,16.31,720236.568,117470.5842,12.19518268
2017,2353703.268,113380.4699,2467083.738,324.9517957,15.65328468,340.6050804,289.1550307,13.87639169,303.0314224,Colorectal cancer,16.37,724323.8225,118571.8097,12.12039554
2018,2416206.558,123196.0373,2539402.595,332.1099755,16.93341688,349.0433924,292.2508167,14.62255208,306.8733687,Colorectal cancer,16.94,727532.0635,123243.9316,12.34045883
2019,2511141.678,131952.6018,2643094.28,344.1301745,18.08295894,362.2131334,284.742251,15.1996743,299.9419253,Colorectal cancer,17.63810591,729706.9145,128706.4784,12.53584722
2020,2591661.616,141144.5439,2732806.16,354.5753939,19.31053883,373.8859327,283.5066676,15.79957435,299.3062419,Colorectal cancer,18.19805626,730919.7595,133013.189,12.69012303
2021,2670535.88,150738.1816,2821274.062,365.337652,20.6214542,385.9591062,282.3548923,16.42315123,298.7780435,Colorectal cancer,18.78089779,730977.4575,137284.1292,12.85074417
2022,2750067.274,160881.9158,2910949.19,376.4265719,22.02136239,398.4479343,281.2924754,17.07133942,298.3638148,Colorectal cancer,19.387885,730572.037,141642.4664,13.01805583
2023,2831714.962,171692.9661,3003407.928,387.8520684,23.51630476,411.3683732,280.3255109,17.74511027,298.0706212,Colorectal cancer,20.02036593,730101.8075,146169.0535,13.19243136
2024,2915196.704,183193.4277,3098390.132,399.6243577,25.11273279,424.7370904,279.4606867,18.44547347,297.9061602,Colorectal cancer,20.67979099,729484.239,150855.8159,13.37427477
2025,3000473.102,195420.8144,3195893.916,411.7539656,26.81753595,438.5715015,278.7053395,19.17347858,297.8788181,Colorectal cancer,21.36772261,728705.332,155707.734,13.56402369
2026,3087506.959,208414.5729,3295921.532,424.2517377,28.63807139,452.8898091,278.0675145,19.93021656,297.997731,Colorectal cancer,22.08584602,727753.521,160730.5221,13.76215243
2027,3176336.263,222221.2913,3398557.555,437.1288487,30.58219571,467.7110444,277.5560308,20.71682144,298.2728523,Colorectal cancer,22.83598111,726636.156,165934.4953,13.96917551
2028,3266978.253,236888.7816,3503867.034,450.3968126,32.65829887,483.0551115,277.1805534,21.534472,298.7150254,Colorectal cancer,23.62009558,725355.5445,171329.6729,14.18565137
2029,3359474.298,252469.3314,3611943.629,464.0674927,34.87534038,498.9428331,276.9516706,22.38439356,299.3360642,Colorectal cancer,24.44031955,723919.333,176928.1983,14.41218658
2030,3453874.433,269018.9717,3722893.404,478.1531124,37.24288798,515.3960004,276.8809804,23.26785979,300.1488402,Colorectal cancer,25.29896164,722336.495,182743.6328,14.64944035
2031,3550220.74,286596.4306,3836817.171,492.6662662,39.77115895,532.4374252,276.981183,24.18619462,301.1673777,Colorectal cancer,26.19852693,720613.7265,188790.1812,14.89812952
2032,3648588.482,305266.6493,3953855.132,507.6199309,42.47106413,550.090995,277.2661835,25.14077424,302.4069578,Colorectal cancer,27.14173676,718763.835,195084.988,15.15903405
2033,3749027.866,325096.4312,4074124.297,523.027477,45.35425509,568.3817321,277.7512032,26.13302918,303.8842323,Colorectal cancer,28.13155073,716793.6735,201645.1759,15.43300303
2034,3851507.631,346149.2163,4197656.847,538.9026811,48.43317438,587.3358554,278.4529012,27.16444638,305.6173476,Colorectal cancer,29.17119115,714694.4645,208484.8884,15.72096124
2035,3956114.084,368502.5128,4324616.597,555.2597376,51.7211092,606.9808468,279.3895084,28.23657152,307.6260799,Colorectal cancer,30.26417009,712479.911,215626.1321,16.02391641
2007,2856969.752,32283.00238,2889252.754,420.6570822,4.753313743,425.4103959,485.1970013,5.543644078,490.7406453,Esophagus cancer,21.58,679168.347,146564.5293,19.17569292
2008,2886251.915,32383.61119,2918635.526,422.1760362,4.736795337,426.9128315,469.7565653,5.372259097,475.1288244,Esophagus cancer,22.44,683660.764,153413.4754,18.59162868
2009,3058789.395,32789.22864,3091578.623,444.3915072,4.763732594,449.1552398,485.7343345,5.260440468,490.994775,Esophagus cancer,23.29,688309.5975,160307.3053,19.74354701
2010,3343730.49,33245.43778,3376975.928,482.503689,4.79735027,487.3010393,515.4532471,5.151340481,520.6045876,Esophagus cancer,24.45,692995.8395,169437.4828,21.06317792
2011,3352494.211,33456.00954,3385950.221,480.5929155,4.796047406,485.3889629,501.4109227,5.007580175,506.4185028,Esophagus cancer,24.22,697574.6215,168952.5733,20.48586445
2012,3254025.411,33868.88687,3287894.298,463.255039,4.821699442,468.0767384,470.6339721,4.890207917,475.52418,Esophagus cancer,23.35,702426.339,164016.5502,19.51603617
2013,3184034.273,33872.71101,3217906.984,450.1710448,4.789054513,454.9600993,444.9418146,4.707110937,449.6489255,Esophagus cancer,23.03,707294.3295,162889.8841,18.7059161
2014,3012870.727,35252.78335,3048123.511,423.214146,4.951913955,428.16606,407.250273,4.718524275,411.9687973,Esophagus cancer,21.38,711902.179,152204.6859,17.00591038
2015,2933140.09,37353.49112,2970493.581,409.5528575,5.215648948,414.7685064,383.8038382,4.813195044,388.6170333,Esophagus cancer,21.05,716181.083,150756.118,16.18586344
2016,3023904.874,38948.26546,3062853.139,419.8488397,5.407704522,425.2565442,381.9789965,4.84144735,386.8204439,Esophagus cancer,21.37,720236.568,153914.5546,16.13367701
2017,3146704.997,39070.21399,3185775.211,434.4334536,5.394025818,439.8274794,381.5011679,4.712246341,386.2134143,Esophagus cancer,22.03,724323.8225,159568.5381,16.35672558
2018,3007718.873,41286.5956,3049005.469,413.4139269,5.674883304,419.0888102,354.6538699,4.787675444,359.4415454,Esophagus cancer,20.96,727532.0635,152490.7205,15.31192217
2019,2923391.753,42766.78631,2966158.54,400.6254697,5.86081692,406.4862866,355.3904343,4.795543264,360.1859775,Esophagus cancer,20.29994141,729706.9145,148130.0761,14.52287511
2020,2873478.224,44241.422,2917719.646,393.1318296,6.052842522,399.1846722,347.9817375,4.803424015,352.7851615,Esophagus cancer,19.90874336,730919.7595,145516.9391,13.95609039
2021,2819952.826,45694.56831,2865647.394,385.778357,6.251159709,392.0295168,340.7274872,4.811317716,345.5388049,Esophagus cancer,19.52508404,730977.4575,142723.9629,13.4114256
2022,2765671.257,47165.5453,2812836.802,378.5624301,6.455974622,385.0184047,333.6244636,4.819224389,338.443688,Esophagus cancer,19.14881818,730572.037,139895.911,12.88801745
2023,2712192.97,48679.53913,2760872.509,371.4814759,6.667500153,378.1489761,326.6695142,4.827144056,331.4966583,Esophagus cancer,18.7798033,730101.8075,137111.6833,12.38503638
2024,2659210.562,50231.96497,2709442.527,364.53297,6.885956171,371.4189262,319.8595522,4.835076737,324.6946289,Esophagus cancer,18.41789967,729484.239,134355.6752,11.90168516
2025,2606684.16,51822.38796,2658506.548,357.7144348,7.11156975,364.8260046,313.191555,4.843022455,318.0345774,Esophagus cancer,18.06297025,728705.332,131625.8273,11.4371977
2026,2554585.439,53450.40608,2608035.845,351.0234393,7.344575401,358.3680147,306.6625631,4.85098123,311.5135443,Esophagus cancer,17.71488063,727753.521,128920.6675,10.99083782
2027,2502953.449,55116.91703,2558070.366,344.4575979,7.58521532,352.0428133,300.2696787,4.858953085,305.1286318,Esophagus cancer,17.37349901,726636.156,126242.1254,10.56189803
2028,2451807.422,56822.46482,2508629.887,338.0145696,7.833739639,345.8483093,294.0100646,4.866938039,298.8770026,Esophagus cancer,17.03869613,725355.5445,123591.1271,10.14969849
2029,2401182.928,58568.01812,2459750.946,331.6920572,8.090406686,339.7824639,287.8809423,4.874936116,292.7558785,Esophagus cancer,16.71034519,723919.333,120969.4194,9.75358588
2030,2351117.213,60354.70485,2411471.918,325.4878065,8.35548325,333.8432897,281.8795917,4.882947337,286.762539,Esophagus cancer,16.38832187,722336.495,118378.8298,9.372932367
2031,2301637.398,62183.52298,2363820.921,319.3996053,8.629244864,328.0288502,276.0033491,4.890971722,280.8943208,Esophagus cancer,16.07250423,720613.7265,115820.6717,9.00713463
2032,2252787.584,64056.0611,2316843.645,313.425283,8.911976087,322.3372591,270.2496064,4.899009295,275.1486157,Esophagus cancer,15.76277267,718763.835,113297.1093,8.655612894
2033,2204590.044,65973.48043,2270563.525,307.5627096,9.203970803,316.7666804,264.6158099,4.907060076,269.52287,Esophagus cancer,15.45900992,716793.6735,110809.2051,8.317810008
2034,2157017.896,67935.51477,2224953.411,301.8097947,9.505532524,311.3153272,259.0994591,4.915124088,264.0145832,Esophagus cancer,15.16110096,714694.4645,108355.5493,7.993190566
2035,2110112.475,69943.97264,2180056.447,296.1644872,9.816974704,305.9814619,253.6981057,4.923201351,258.6213071,Esophagus cancer,14.86893296,712479.911,105938.1603,7.681240058
2007,1233757.912,36773.94842,1270531.86,181.6571572,5.414555697,187.0717129,167.0166863,3.744272677,170.760959,Leukemia,4.57,679168.347,31037.99346,4.291216596
2008,1150948.78,40094.78394,1191043.564,168.3508607,5.864719178,174.2155799,151.2425508,4.001358841,155.2439096,Leukemia,4.39,683660.764,30012.70754,3.922933489
2009,1231539.427,43490.34172,1275029.769,178.9223093,6.31842733,185.2407366,171.8175367,4.261248856,176.0787855,Leukemia,5,688309.5975,34415.47988,4.53438577
2010,1204435.252,46706.22736,1251141.479,173.8012241,6.73975581,180.5409799,159.8585716,4.462150181,164.3207217,Leukemia,4.54,692995.8395,31462.01111,4.1706335
2011,1152006.281,49966.28314,1201972.564,165.1445229,7.16285851,172.3073814,153.2601696,4.647792846,157.9079624,Leukemia,4.58,697574.6215,31948.91766,4.123645463
2012,1190630.535,52913.00301,1243543.538,169.5025469,7.532889938,177.0354368,157.9067843,4.848971761,162.7557561,Leukemia,4.67,702426.339,32803.31003,4.198577708
2013,1213982.483,54978.33371,1268960.817,171.6375252,7.773048845,179.410574,155.8925075,5.038889749,160.9313973,Leukemia,4.58,707294.3295,32394.08029,4.064958551
2014,1069787.533,57572.52898,1127360.062,150.2717037,8.087140436,158.3588441,140.1283447,5.265685667,145.3940304,Leukemia,4.42,711902.179,31466.07631,3.827012128
2015,1189084.24,61901.0396,1250985.28,166.0312271,8.643210645,174.6744377,147.7012182,5.5090239,153.2102421,Leukemia,4.6,716181.083,32944.32982,3.930947966
2016,1147019.085,61366.83751,1208385.923,159.2558801,8.520372366,167.7762525,145.2627019,5.583869,150.8465709,Leukemia,4.62,720236.568,33274.92944,3.898790568
2017,1083742.672,59095.23506,1142837.907,149.6212935,8.158676164,157.7799697,130.4726015,5.532734158,136.0053357,Leukemia,4.19,724323.8225,30349.16816,3.505229842
2018,1050376.021,57568.80756,1107944.828,144.3752205,7.912889404,152.2881099,127.8698057,5.585209818,133.4550155,Leukemia,4.42,727532.0635,32156.91721,3.60325183
2019,1073727.781,55843.92692,1129571.708,147.1450743,7.652925553,154.7979998,123.9988658,5.609322804,129.6081886,Leukemia,4.24631833,729706.9145,30985.67847,3.627887751
2020,1057233.109,54099.04318,1111332.152,144.6442096,7.401502351,152.0457119,118.9940165,5.633539893,124.6275564,Leukemia,4.170203764,730919.7595,30480.84332,3.584139994
2021,1039346.506,52325.84595,1091672.352,142.1858493,7.158339209,149.3441885,114.4027354,5.657861534,120.060597,Leukemia,4.101328602,730977.4575,29979.78754,3.542788502
2022,1021115.211,50578.70579,1071693.917,139.7692712,6.923164758,146.6924359,110.1878731,5.682288179,115.8701613,Leukemia,4.039264969,730572.037,29509.74036,3.503744598
2023,1003114.361,48885.54751,1051999.909,137.393765,6.695716543,144.0894815,106.3159264,5.706820281,112.0227466,Leukemia,3.983618707,730101.8075,29084.47218,3.46692322
2024,985231.4385,47239.50801,1032470.947,135.0586326,6.475740733,141.5343734,102.7566642,5.731458294,108.4881225,Leukemia,3.934026775,729484.239,28698.10528,3.432242772
2025,967452.4301,45638.75545,1013091.186,132.763188,6.262991836,139.0261799,99.48279295,5.756202678,105.2389956,Leukemia,3.890154865,728705.332,28347.76592,3.399624987
2026,949767.5162,44081.72224,993849.2384,130.5067566,6.057232424,136.563989,96.46965617,5.78105389,102.2507101,Leukemia,3.851695193,727753.521,28030.84739,3.368994798
2027,932191.8984,42568.03813,974759.9366,128.2886753,5.858232869,134.1469081,93.69496644,5.806012392,99.50097883,Leukemia,3.818364475,726636.156,27745.61684,3.340280204
2028,914733.4898,41096.98474,955830.4745,126.1082922,5.66577109,131.7740633,91.13856473,5.831078648,96.96964338,Leukemia,3.789902064,725355.5445,27490.26475,3.313412157
2029,897406.3609,39668.11759,937074.4785,123.9649668,5.479632299,129.4445991,88.78220505,5.856253121,94.63845817,Leukemia,3.766068229,723919.333,27263.296,3.288324438
2030,880225.3057,38281.00821,918506.3139,121.8580692,5.299608765,127.1576779,86.60936149,5.881536281,92.49089777,Leukemia,3.746642577,722336.495,27063.36667,3.264953549
2031,863201.4216,36935.05355,900136.4752,119.7869802,5.125499584,124.9124797,84.60505529,5.906928595,90.51198388,Leukemia,3.731422594,720613.7265,26889.14341,3.243238602
2032,846352.2589,35629.91716,881982.1761,117.7510912,4.957110448,122.7082017,82.75569992,5.932430535,88.68813046,Leukemia,3.72022231,718763.835,26739.61255,3.223121216
2033,829687.2724,34364.90533,864052.1778,115.749804,4.794253437,120.5440575,81.04896219,5.958042574,87.00700476,Leukemia,3.712871063,716793.6735,26613.62488,3.204545421
2034,813197.4476,33138.57272,846336.0203,113.7825306,4.636746802,118.4192774,79.47363765,5.983765188,85.45740284,Leukemia,3.709212363,714694.4645,26509.53543,3.187457559
2035,796899.4663,31950.55433,828850.0206,111.8486927,4.484414766,116.3331075,78.01953899,6.009598855,84.02913784,Leukemia,3.709102851,712479.911,26426.61269,3.171806192
2007,6599136.471,53735.45843,6652871.929,971.6495917,7.911949764,979.5615415,1084.961638,9.008879807,1093.970518,Liver cancer,37.94,679168.347,257676.4709,34.51882637
2008,6337029.22,54647.7438,6391676.964,926.9259776,7.993400627,934.9193782,1007.831242,8.885709519,1016.716952,Liver cancer,37.4,683660.764,255689.1257,32.09548574
2009,6734225.017,55849.76031,6790074.777,978.3715121,8.114046428,986.4855585,1044.365489,8.808084005,1053.173573,Liver cancer,37.96,688309.5975,261282.3232,33.34326501
2010,6707987.91,57583.04494,6765570.955,967.9694347,8.30929158,976.2787263,1014.485337,8.811954248,1023.297291,Liver cancer,37.11,692995.8395,257170.756,32.89893534
2011,6761235.123,59929.82867,6821164.951,969.2490114,8.591171012,977.8401824,1000.512533,8.909161231,1009.421694,Liver cancer,37.23,697574.6215,259707.0316,32.52751663
2012,6824136.568,62876.25652,6887012.824,971.5092087,8.951295393,980.4605041,983.0939755,9.081942387,992.1759179,Liver cancer,36.56,702426.339,256807.0695,31.76064477
2013,6621681.227,66554.47706,6688235.704,936.1988285,9.409728636,945.6085571,931.8809034,9.327215541,941.2081189,Liver cancer,35.82,707294.3295,253352.8288,30.3926727
2014,6582316.216,70867.11754,6653183.334,924.6096459,9.9546145,934.5642604,904.0958165,9.641041742,913.7368582,Liver cancer,35.14,711902.179,250162.4257,29.42816947
2015,6687779.484,75827.81225,6763607.296,933.8112445,10.58779882,944.3990433,897.924798,10.0170007,907.9417987,Liver cancer,35.65,716181.083,255318.5561,29.22964136
2016,6865929.751,81421.18549,6947350.936,953.2881356,11.30478361,964.5929192,895.3109228,10.44956277,905.7604856,Liver cancer,35.91,720236.568,258636.9516,29.05722757
2017,7027978.56,87605.05129,7115583.611,970.2812943,12.09473561,982.3760299,884.5761991,10.93511772,895.5113168,Liver cancer,36.12,724323.8225,261625.7647,28.91387779
2018,6815489.376,93540.25568,6909029.631,936.7957397,12.85720044,949.6529401,850.1686453,11.3397358,861.5083811,Liver cancer,34.99,727532.0635,254563.469,27.76727611
2019,6876250.388,99968.06456,6976218.452,942.3304413,13.69975569,956.030197,836.0906164,11.80619035,847.8968067,Liver cancer,34.87038843,729706.9145,254451.6355,27.48314754
2020,6874921.468,106696.1953,6981617.663,940.5849792,14.59752509,955.1825043,819.0130354,12.29183229,831.3048677,Liver cancer,34.62898333,730919.7595,253110.0817,26.98491483
2021,6862728.865,113697.1615,6976426.027,938.8427502,15.55412692,954.3968771,802.2842729,12.79745087,815.0817237,Liver cancer,34.38924947,730977.4575,251377.6614,26.49571442
2022,6846217.943,121080.747,6967298.69,937.1037483,16.57341657,953.6771649,785.8972039,13.32386782,799.2210717,Liver cancer,34.15117526,730572.037,249498.9368,26.01538256
2023,6829138.438,128932.3439,6958070.781,935.3679675,17.65950208,953.0274696,769.8448492,13.87193869,783.7167879,Liver cancer,33.91474922,730101.8075,247612.1971,25.54375847
2024,6810723.106,137265.3037,6947988.41,933.6354019,18.81676071,952.4521626,754.1203721,14.44255418,768.5629263,Liver cancer,33.67995994,729484.239,245689.9995,25.0806843
2025,6790849.042,146104.3739,6936953.416,931.9060454,20.04985657,951.955902,738.7170756,15.03664166,753.7537173,Liver cancer,33.44679609,728705.332,243728.5865,24.62600504
2026,6769416.918,155475.5112,6924892.429,930.1798923,21.36375939,951.5436517,723.6283993,15.65516665,739.283566,Liver cancer,33.21524642,727753.521,241725.1253,24.17956851
2027,6746503.793,165409.7441,6911913.537,928.4569364,22.7637646,951.220701,708.847917,16.29913437,725.1470514,Liver cancer,32.98529975,726636.156,239683.1141,23.74122527
2028,6722139.46,175938.7204,6898078.18,926.737172,24.25551466,950.9926866,694.3693336,16.96959138,711.338925,Liver cancer,32.75694498,725355.5445,237604.3166,23.31082861
2029,6696402.907,187097.109,6883500.016,925.020593,25.84502174,950.8656148,680.1864828,17.66762732,697.8541101,Liver cancer,32.53017109,723919.333,235492.1976,22.88823447
2030,6669384.821,198922.023,6868306.844,923.3071937,27.53869207,950.8458857,666.293324,18.39437663,684.6877006,Liver cancer,32.30496715,722336.495,233350.5674,22.4733014
2031,6641154.254,211452.2196,6852606.474,921.596968,29.34335162,950.9403196,652.6839401,19.15102042,671.8349605,Liver cancer,32.08132227,720613.7265,231182.4119,22.0658905
2032,6611835.996,224730.6681,6836566.664,919.8899101,31.26627373,951.1561839,639.3525349,19.93878839,659.2913233,Liver cancer,31.85922567,718763.835,228992.5922,21.66586542
2033,6581499.261,238801.3058,6820300.567,918.1860143,33.31520835,951.5012226,626.2934304,20.75896082,647.0523913,Liver cancer,31.63866663,716793.6735,226783.9608,21.27309226
2034,6550069.524,253705.1949,6803774.719,916.4852745,35.49841331,951.9836878,613.5010649,21.61287064,635.1139356,Liver cancer,31.4196345,714694.4645,224554.3885,20.88743955
2035,6517678.483,269493.3004,6787171.784,914.7876849,37.82468758,952.6123725,600.9699901,22.50190562,623.4718957,Liver cancer,31.20211871,712479.911,222308.8276,20.50877821
2007,7414327.094,66450.38109,7480777.475,1091.677362,9.784080985,1101.461443,1251.991617,11.4067139,1263.398331,Lung cancer,60.83,679168.347,413138.1055,52.99283183
2008,7324585.394,71260.64138,7395846.035,1071.377177,10.423392,1081.800569,1197.599509,11.82217081,1209.42168,Lung cancer,62.47,683660.764,427082.8793,50.76718948
2009,7689216.161,76742.46694,7765958.628,1117.11593,11.14941114,1128.265341,1218.972816,12.31187572,1231.284692,Lung cancer,61,688309.5975,419868.8545,51.18308583
2010,7780359.806,82716.67016,7863076.476,1122.713783,11.9360991,1134.649882,1198.442649,12.81562815,1211.258277,Lung cancer,59.11,692995.8395,409629.8407,50.51021823
2011,8245738.315,88393.17228,8334131.487,1182.058243,12.67150059,1194.729744,1232.441572,13.22762134,1245.669193,Lung cancer,61.43,697574.6215,428520.09,51.66566551
2012,8383537.864,94466.74464,8478004.608,1193.511319,13.4486336,1206.959953,1214.261455,13.6361254,1227.89758,Lung cancer,61.07,702426.339,428971.7652,50.94315432
2013,8687918.799,100366.2615,8788285.061,1228.331465,14.19016912,1242.521634,1216.752829,13.9438201,1230.696649,Lung cancer,62.85,707294.3295,444534.4861,51.02076475
2014,8942265.177,109864.1991,9052129.376,1256.108696,15.43248529,1271.541181,1213.16892,14.69729353,1227.866214,Lung cancer,63.54,711902.179,452342.6445,50.46949484
2015,9135613.049,120941.4944,9256554.544,1275.600999,16.88699929,1292.487998,1201.569149,15.56880027,1217.137949,Lung cancer,64.8,716181.083,464085.3418,49.95453673
2016,9488497.452,128605.9466,9617103.399,1317.41401,17.85607012,1335.27008,1209.020213,15.96337306,1224.983586,Lung cancer,66.23,720236.568,477012.679,50.17941486
2017,9936942.951,131063.7399,10068006.69,1371.892328,18.09463335,1389.986961,1213.452163,15.77512946,1229.227292,Lung cancer,67.83,724323.8225,491308.8488,50.6958972
2018,9873565.424,144935.655,10018501.08,1357.13131,19.9215488,1377.052859,1174.361736,16.85728656,1191.219023,Lung cancer,67.06,727532.0635,487883.0018,49.29907185
2019,10269388.72,155061.1849,10424449.91,1407.330603,21.24978972,1428.580393,1194.308935,17.45826194,1211.767197,Lung cancer,69.02391233,729706.9145,503672.2609,49.54166338
2020,10527450.94,165674.5795,10693125.52,1440.301866,22.66658923,1462.968456,1191.492498,18.08066255,1209.57316,Lung cancer,70.12153845,730919.7595,512532.1802,49.3566249
2021,10774940.96,176734.6465,10951675.6,1474.045587,24.17785182,1498.223439,1188.682702,18.72525224,1207.407954,Lung cancer,71.23661914,730977.4575,520723.6274,49.17227754
2022,11021262.64,188413.6202,11209676.26,1508.579864,25.7898757,1534.36974,1185.879533,19.39282205,1205.272355,Lung cancer,72.36943198,730572.037,528710.8334,48.98861871
2023,11272211.32,200846.4731,11473057.79,1543.923218,27.50937897,1571.432597,1183.082974,20.08419124,1203.167165,Lung cancer,73.52025893,730101.8075,536772.7393,48.80564586
2024,11526541.1,214056.4096,11740597.51,1580.094604,29.34352768,1609.438131,1180.29301,20.80020828,1201.093218,Lung cancer,74.68938647,729484.239,544847.3025,48.62335641
2025,11783991.72,228084.5186,12012076.24,1617.113421,31.29996565,1648.413387,1177.509625,21.54175188,1199.051377,Lung cancer,75.87710561,728705.332,552920.5143,48.44174781
2026,12044317.31,242973.9497,12287291.26,1654.999524,33.38684633,1688.38637,1174.732804,22.30973209,1197.042536,Lung cancer,77.08371199,727753.521,560979.4281,48.26081752
2027,12307568.69,258775.9665,12566344.66,1693.773231,35.61286682,1729.386097,1171.962532,23.1050914,1195.067623,Lung cancer,78.30950596,726636.156,569025.1839,48.08056301
2028,12573714.4,275543.0161,12849257.41,1733.455337,37.98730405,1771.442641,1169.198792,23.92880588,1193.127598,Lung cancer,79.55479265,725355.5445,577055.0994,47.90098175
2029,12842814.89,293332.5011,13136147.39,1774.067124,40.52005351,1814.587178,1166.44157,24.78188642,1191.223456,Lung cancer,80.81988203,723919.333,585070.7509,47.72207123
2030,13114960.81,312205.8993,13427166.71,1815.630374,43.22167044,1858.852045,1163.69085,25.66537995,1189.35623,Lung cancer,82.10508901,722336.495,593075.0222,47.54382893
2031,13390209.18,332227.5285,13722436.71,1858.167377,46.10341383,1904.270791,1160.946616,26.58037071,1187.526987,Lung cancer,83.41073349,720613.7265,601069.1949,47.36625238
2032,13668738.66,353468.5997,14022207.26,1901.700947,49.17729337,1950.87824,1158.208855,27.5279816,1185.736836,Lung cancer,84.73714048,718763.835,609059.9206,47.18933907
2033,13950628.63,376002.1455,14326630.78,1946.254431,52.45611944,1998.710551,1155.477549,28.50937555,1183.986925,Lung cancer,86.08464015,716793.6735,617049.2545,47.01308654
2034,14235654.02,399896.9716,14635550.99,1991.851725,55.95355659,2047.805281,1152.752685,29.52575697,1182.278442,Lung cancer,87.4535679,714694.4645,625025.8088,46.83749231
2035,14524026.12,425237.7952,14949263.91,2038.517282,59.68418038,2098.201462,1150.034246,30.57837317,1180.612619,Lung cancer,88.84426451,712479.911,632997.5367,46.66255393
2007,511361.7733,7811.10654,519172.8799,75.29234476,1.150098731,76.44244349,81.35997947,1.260700202,82.62067967,Lymphoma,3.08,679168.347,20918.38509,2.765417629
2008,501752.4785,8901.368971,510653.8475,73.39202495,1.302015479,74.69404043,79.11051593,1.400735471,80.5112514,Lymphoma,3.25,683660.764,22218.97483,2.726312034
2009,516883.5281,10187.01293,527070.541,75.09462747,1.480004487,76.57463196,80.12033097,1.564793245,81.68512421,Lymphoma,3.3,688309.5975,22714.21672,2.834897928
2010,525935.0846,11486.84948,537421.9341,75.89296423,1.657563989,77.55052822,79.17825144,1.723101004,80.90135245,Lymphoma,3.11,692995.8395,21552.17061,2.729097726
2011,558173.802,12836.61548,571010.4175,80.01635736,1.840178109,81.85653547,79.77034345,1.88062277,81.65096622,Lymphoma,3.13,697574.6215,21834.08565,2.708818436
2012,511264.0911,14286.1005,525550.1916,72.78543851,2.03382187,74.81926038,73.69421793,2.041345074,75.735563,Lymphoma,2.93,702426.339,20581.09173,2.512136943
2013,500560.9701,15686.60444,516247.5745,70.77124037,2.217832631,72.989073,70.83660882,2.18293317,73.01954199,Lymphoma,2.86,707294.3295,20228.61782,2.408230894
2014,512053.5416,17088.24423,529141.7858,71.9275143,2.400364086,74.32787839,70.2777339,2.314024563,72.59175846,Lymphoma,2.96,711902.179,21072.3045,2.430045151
2015,554841.1031,18378.33157,573219.4347,77.47218075,2.56615708,80.03833783,73.19797957,2.421030881,75.61901045,Lymphoma,3.11,716181.083,22273.23168,2.500369365
2016,549576.9393,19328.04338,568904.9827,76.30505916,2.683568738,78.9886279,71.53992605,2.482516756,74.0224428,Lymphoma,3.07,720236.568,22111.26264,2.430507085
2017,534698.0778,19625.93343,554324.0113,73.82030816,2.709552388,76.52986055,67.76882671,2.476102252,70.24492896,Lymphoma,3.04,724323.8225,22019.4442,2.369563312
2018,549412.3245,20271.41743,569683.7419,75.51726612,2.786326328,78.30359245,68.67550112,2.498086403,71.17358752,Lymphoma,3.11,727532.0635,22626.24717,2.392030583
2019,545105.7326,20812.29214,565918.0247,74.70201004,2.852144022,77.55415407,66.69946954,2.514155596,69.21362514,Lymphoma,3.187761671,729706.9145,23261.31733,2.3013272
2020,545920.5758,21339.32255,567259.8984,74.68953585,2.919516441,77.60905229,65.57509667,2.530328155,68.10542483,Lymphoma,3.238648134,730919.7595,23671.91915,2.263494821
2021,545872.5019,21845.11737,567717.6192,74.67706374,2.988480308,77.66554405,64.46967769,2.546604746,67.01628244,Lymphoma,3.2903469,730977.4575,24051.69411,2.226284383
2022,545478.6432,22348.73352,567827.3767,74.66459371,3.059073218,77.72366693,63.38289309,2.562986038,65.94587913,Lymphoma,3.342870938,730572.037,24422.08031,2.189685662
2023,545036.5195,22861.92358,567898.4431,74.65212576,3.13133365,77.78345941,62.31442874,2.579472705,64.89390145,Lymphoma,3.39623342,730101.8075,24795.96159,2.1536886
2024,544484.555,23382.16557,567866.7206,74.6396599,3.205300994,77.8449609,61.26397582,2.596065423,63.86004124,Lymphoma,3.450447732,729484.239,25170.47238,2.118283307
2025,543812.3572,23908.93541,567721.2927,74.62719612,3.281015572,77.90821169,60.23123069,2.612764876,62.84399556,Lymphoma,3.50552747,728705.332,25544.96559,2.083460056
2026,543011.3569,24441.73776,567453.0947,74.61473442,3.358518654,77.97325307,59.21589485,2.629571749,61.8454666,Lymphoma,3.561486451,727753.521,25918.84305,2.049209277
2027,542087.1019,24980.67918,567067.781,74.6022748,3.437852489,78.04012729,58.21767484,2.646486735,60.86416157,Lymphoma,3.618338708,726636.156,26292.1573,2.015521559
2028,541041.3751,25525.69916,566567.0743,74.58981726,3.519060322,78.10887758,57.23628211,2.663510528,59.89979264,Lymphoma,3.676098502,725355.5445,26664.78431,1.982387646
2029,539879.9401,26076.92391,565956.864,74.5773618,3.60218642,78.17954822,56.27143302,2.680643828,58.95207685,Lymphoma,3.734780319,723919.333,27036.79677,1.949798434
2030,538609.546,26634.54091,565244.0869,74.56490842,3.687276096,78.25218451,55.32284868,2.69788734,58.02073602,Lymphoma,3.794398878,722336.495,27408.32786,1.917744968
2031,537235.2394,27198.66961,564433.9091,74.55245712,3.774375732,78.32683285,54.3902549,2.715241772,57.10549668,Lymphoma,3.854969133,720613.7265,27779.43672,1.886218441
2032,535766.6194,27769.67657,563536.2959,74.5400079,3.863532807,78.4035407,53.47338214,2.732707839,56.20608998,Lymphoma,3.916506275,718763.835,28150.4307,1.855210191
2033,534208.8405,28347.72697,562556.5675,74.52756076,3.954795922,78.48235668,52.57196538,2.750286258,55.32225163,Lymphoma,3.979025738,716793.6735,28521.40476,1.824711696
2034,532555.4071,28932.36727,561487.7743,74.51511569,4.048214825,78.56333052,51.68574406,2.767977752,54.45372181,Lymphoma,4.042543205,714694.4645,28891.83251,1.794714578
2035,530816.5762,29524.03067,560340.6069,74.50267271,4.143840439,78.64651315,50.81446205,2.785783048,53.60024509,Lymphoma,4.107074604,712479.911,29262.08148,1.765210594
2007,986664.7236,4962.282389,991627.006,145.2754281,0.730640998,146.0060691,166.2011725,0.849745183,167.0509177,Pancreatic cancer,7.64,679168.347,51888.46171,6.713651414
2008,1015900.608,5270.809835,1021171.418,148.5971788,0.770968602,149.3681474,165.6715024,0.872024402,166.5435268,Pancreatic cancer,8.1,683660.764,55376.52188,6.646108805
2009,958828.9398,5609.548864,964438.4887,139.3019861,0.814974669,140.1169608,151.7034839,0.897442774,152.6009267,Pancreatic cancer,7.45,688309.5975,51279.06501,6.260272892
2010,993745.738,5980.729104,999726.4671,143.3985143,0.863025254,144.2615396,152.9181571,0.924660237,153.8428173,Pancreatic cancer,7.22,692995.8395,50034.29961,6.210178364
2011,987863.6865,6363.428696,994227.1152,141.6140519,0.912221933,142.5262738,147.6729183,0.951214172,148.6241325,Pancreatic cancer,7.16,697574.6215,49946.3429,6.02888729
2012,995472.7396,6757.206368,1002229.946,141.7191646,0.961980779,142.6811454,144.4693282,0.975599965,145.4449282,Pancreatic cancer,7.01,702426.339,49240.08636,5.862103206
2013,1004929.141,7073.895752,1012003.037,142.0807575,1.000134662,143.0808922,140.9799718,0.984389004,141.9643608,Pancreatic cancer,6.99,707294.3295,49439.87363,5.700313503
2014,996195.978,7568.477322,1003764.455,139.9343909,1.063134451,140.9975254,135.7317495,1.015657258,136.7474068,Pancreatic cancer,6.79,711902.179,48338.15795,5.432859564
2015,1023258.648,8138.966216,1031397.614,142.8770841,1.136439709,144.0135238,135.489676,1.053074039,136.54275,Pancreatic cancer,6.99,716181.083,50061.0577,5.435075144
2016,1058107.086,8605.350956,1066712.437,146.9110474,1.194795063,148.1058425,135.4797202,1.075277563,136.5549978,Pancreatic cancer,7.05,720236.568,50776.67804,5.386632165
2017,1102140.873,8779.178089,1110920.051,152.1613454,1.212051546,153.3733969,136.104065,1.064499746,137.1685647,Pancreatic cancer,7.23,724323.8225,52368.61237,5.454178206
2018,1122669.633,9236.08307,1131905.716,154.3120488,1.269508731,155.5815575,134.9926997,1.081215639,136.0739153,Pancreatic cancer,7.31,727532.0635,53182.59384,5.432051466
2019,1159118.151,9627.77144,1168745.923,158.8470834,1.319402523,160.166486,135.0687624,1.091881112,136.1606435,Pancreatic cancer,7.493215416,729706.9145,54678.51101,5.403619463
2020,1190866.532,10022.79,1200889.322,162.9271226,1.371257223,164.2983798,134.9167606,1.102651793,136.0194124,Pancreatic cancer,7.640896964,730919.7595,55848.82571,5.387998607
2021,1221550.748,10417.52449,1231968.272,167.1119588,1.425149898,168.5371087,134.7649298,1.11352872,135.8784585,Pancreatic cancer,7.791489124,730977.4575,56954.0291,5.372422908
2022,1252231.769,10820.9455,1263052.715,171.404284,1.481160645,172.8854446,134.6132699,1.12451294,135.7377828,Pancreatic cancer,7.945049259,730572.037,58044.30821,5.356892235
2023,1283569.055,11238.98795,1294808.043,175.8068589,1.539372706,177.3462316,134.4617807,1.135605513,135.5973862,Pancreatic cancer,8.101635866,730101.8075,59150.18989,5.341406458
2024,1315424.329,11670.81845,1327095.148,180.3225154,1.599872598,181.922388,134.3104619,1.146807506,135.4572694,Pancreatic cancer,8.261308591,729484.239,60264.94411,5.325965448
2025,1347770.811,12116.54963,1359887.361,184.954158,1.662750236,186.6169083,134.1593134,1.158119999,135.3174334,Pancreatic cancer,8.424128258,728705.332,61387.07179,5.310569075
2026,1380583.113,12576.30182,1393159.415,189.7047659,1.728099068,191.432865,134.0083351,1.169544083,135.1778791,Pancreatic cancer,8.590156889,727753.521,62515.16922,5.29521721
2027,1413869.701,13050.50321,1426920.204,194.5773947,1.796016218,196.3734109,133.8575266,1.181080857,135.0386075,Pancreatic cancer,8.759457729,726636.156,63649.38693,5.279909725
2028,1447629.623,13539.50563,1461169.128,199.5751785,1.866602624,201.4417811,133.7068879,1.192731434,134.8996193,Pancreatic cancer,8.932095269,725355.5445,64789.44827,5.26464649
2029,1481872.518,14043.7686,1495916.286,204.7013321,1.939963193,206.6412952,133.5564186,1.204496937,134.7609156,Pancreatic cancer,9.108135271,723919.333,65935.5521,5.249427379
2030,1516611.583,14563.79863,1531175.382,209.9591525,2.016206953,211.9753595,133.4061187,1.216378498,134.6224972,Pancreatic cancer,9.287644793,722336.495,67088.04787,5.234252263
2031,1551856.23,15100.08029,1566956.31,215.3520218,2.095447218,217.447469,133.255988,1.228377263,134.4843652,Pancreatic cancer,9.470692214,720613.7265,68247.10809,5.219121016
2032,1587630.059,15653.25143,1603283.311,220.8834087,2.177801758,223.0612105,133.1060262,1.240494388,134.3465206,Pancreatic cancer,9.657347262,718763.835,69413.51954,5.20403351
2033,1623945.319,16223.85759,1640169.177,226.5568711,2.263392966,228.8202641,132.9562331,1.25273104,134.2089642,Pancreatic cancer,9.847681039,716793.6735,70587.55467,5.18898962
2034,1660778.825,16812.10131,1677590.926,232.3760582,2.352348051,234.7284063,132.8066087,1.265088399,134.0716971,Pancreatic cancer,10.04176605,714694.4645,71767.9461,5.173989219
2035,1698158.199,17418.70329,1715576.903,238.3447131,2.444799218,240.7895123,132.6571526,1.277567654,133.9347203,Pancreatic cancer,10.23967622,712479.911,72955.63602,5.159032181
2007,296325.7489,38661.89189,334987.6407,43.63067716,5.692534415,49.32321158,50.8488212,6.743116843,57.59193805,Prostate cancer,3.74,679168.347,25400.89618,3.10672765
2008,290666.2131,42151.45102,332817.6641,42.51614666,6.1655507,48.68169736,48.32946854,7.077205506,55.40667405,Prostate cancer,4.07,683660.764,27824.99309,3.052801657
2009,321806.1317,45743.49037,367549.6221,46.75310832,6.645772561,53.39888088,51.68537088,7.398972691,59.08434357,Prostate cancer,4.19,688309.5975,28840.17214,3.256617285
2010,322022.0316,49344.47012,371366.5018,46.46810461,7.120456907,53.58856152,50.07695617,7.689628868,57.76658503,Prostate cancer,3.98,692995.8395,27581.23441,3.177016097
2011,330123.0437,53171.3465,383294.3902,47.32440567,7.622316647,54.94672232,49.57860291,7.99157302,57.57017593,Prostate cancer,3.96,697574.6215,27623.95501,3.109851053
2012,340916.1292,57634.31651,398550.4457,48.53407543,8.205033512,56.73910894,49.37209971,8.346928662,57.71902837,Prostate cancer,3.93,702426.339,27605.35512,3.042524841
2013,345188.4995,62023.32199,407211.8215,48.80408129,8.769096457,57.57317775,48.36573185,8.644002413,57.00973426,Prostate cancer,4.02,707294.3295,28433.23205,3.000888691
2014,366398.8884,67218.32295,433617.2113,51.46758911,9.442072933,60.90966204,49.60895905,9.035136054,58.64409511,Prostate cancer,4.24,711902.179,30184.65239,3.037247886
2015,394487.1167,72888.54235,467375.659,55.08203526,10.17739006,65.25942532,51.55600684,9.449144556,61.00515139,Prostate cancer,4.58,716181.083,32801.0936,3.14132934
2016,419849.8472,78420.10751,498269.9547,58.29332553,10.88810413,69.18142966,52.99789756,9.804533117,62.80243068,Prostate cancer,4.85,720236.568,34931.47355,3.270203481
2017,435043.1287,83846.2727,518889.4014,60.0619661,11.5757994,71.6377655,53.1228118,10.09889991,63.22171171,Prostate cancer,4.83,724323.8225,34984.84063,3.241515365
2018,458501.5856,90940.53993,549442.1255,63.02149535,12.49986695,75.5213623,53.90268217,10.47243953,64.37512171,Prostate cancer,5.07,727532.0635,36885.87562,3.336939968
2019,486351.5812,97839.53909,584191.1203,66.65026349,13.40805975,80.05832324,55.54686062,10.84271038,66.389571,Prostate cancer,5.387567584,729706.9145,39313.45318,3.420401699
2020,512088.5194,105122.6222,617211.1417,70.06083948,14.38223839,84.44307787,56.70911748,11.22607278,67.93519027,Prostate cancer,5.643745834,730919.7595,41251.25348,3.496589273
2021,538335.2113,112769.3334,651104.5447,73.64593884,15.42719714,89.07313598,57.89569329,11.62298961,69.51868291,Prostate cancer,5.912105331,730977.4575,43216.15723,3.574473884
2022,565568.6321,120895.6351,686464.2673,77.41449214,16.54807863,93.96257076,59.10709689,12.03394011,71.141037,Prostate cancer,6.193225293,730572.037,45245.97218,3.654093332
2023,594126.8215,129595.9846,723722.8061,81.37588695,17.7503991,99.12628605,60.34384778,12.45942046,72.80326824,Prostate cancer,6.487712479,730101.8075,47366.90607,3.735486259
2024,624000.7539,138894.3506,762895.1045,85.53999121,19.0400756,104.5800668,61.60647632,12.89994438,74.5064207,Prostate cancer,6.796202498,729484.239,49577.22607,3.81869217
2025,655231.269,148826.8063,804058.0753,89.9171778,20.4234551,110.3406329,62.89552396,13.35604378,76.25156774,Prostate cancer,7.119361184,728705.332,51879.16455,3.903751446
2026,687860.6232,159431.4796,847292.1028,94.51835042,21.90734569,116.4256961,64.21154351,13.82826934,78.03981285,Prostate cancer,7.45788603,727753.521,54275.02818,3.990705371
2027,721949.1399,170752.5945,892701.7344,99.3549707,23.49905012,122.8540208,65.55509932,14.31719124,79.87229056,Prostate cancer,7.812507695,726636.156,56768.5056,4.079596147
2028,757554.7067,182836.0327,940390.7394,104.4390868,25.20640175,129.6454885,66.92676755,14.8233998,81.75016736,Prostate cancer,8.183991582,725355.5445,59363.0367,4.170466917
2029,794742.9918,195731.8836,990474.8754,109.7833634,27.03780306,136.8211664,68.32713643,15.34750623,83.67464266,Prostate cancer,8.573139486,723919.333,62062.61418,4.263361783
2030,833584.3559,209493.9591,1043078.315,115.4011131,29.00226702,144.4033802,69.75680649,15.89014332,85.64694981,Prostate cancer,8.980791332,722336.495,64871.53333,4.358325831
2031,874150.0657,224179.0495,1098329.115,121.3063301,31.10946146,152.4157916,71.21639082,16.45196627,87.66835708,Prostate cancer,9.407826978,720613.7265,67794.09257,4.455405152
2032,916522.5346,239849.7426,1156372.277,127.5137243,33.36975664,160.8834809,72.70651534,17.03365342,89.74016875,Prostate cancer,9.855168122,718763.835,70835.38434,4.554646861
2033,960781.3403,256571.1078,1217352.448,134.0387584,35.79427627,169.8330347,74.22781907,17.6359071,91.86372617,Prostate cancer,10.32378029,716793.6735,74000.20398,4.656099125
2034,1006987.967,274406.5986,1281394.565,140.8976866,38.39495228,179.2926389,75.78095441,18.25945449,94.0404089,Prostate cancer,10.81467491,714694.4645,77291.88294,4.759811183
2035,1055236.858,293431.884,1348668.742,148.1075946,41.18458352,189.2921781,77.3665874,18.90504845,96.27163584,Prostate cancer,11.32891152,712479.911,80716.21871,4.86583337
2007,4091016.349,65716.18535,4156732.534,602.3567451,9.675978811,612.0327239,692.3867968,11.21402926,703.600826,Gastric cancer,32.51,679168.347,220797.6296,28.56921256
2008,4389873.974,68641.60112,4458515.575,642.1129024,10.04030138,652.1532038,716.5909169,11.32532496,727.9162418,Gastric cancer,35.76,683660.764,244477.0892,29.33626178
2009,4482880.283,72227.83603,4555108.119,651.2883591,10.49350994,661.781869,710.4196583,11.53789038,721.9575486,Gastric cancer,34.64,688309.5975,238430.4446,29.23934685
2010,4844909.332,76212.39631,4921121.728,699.125313,10.99752581,710.1228388,746.3148009,11.77574946,758.0905503,Gastric cancer,35.86,692995.8395,248508.308,30.81824238
2011,4734827.072,79443.94261,4814271.015,678.7556379,11.38859416,690.1442321,708.0174147,11.87641824,719.8938329,Gastric cancer,34.65,697574.6215,241709.6063,29.24741135
2012,4481404.336,83839.45397,4565243.79,637.9892221,11.93569337,649.9249155,649.5778549,12.11244283,661.6902977,Gastric cancer,32.42,702426.339,227726.6191,27.08967082
2013,4562249.681,87878.25397,4650127.935,645.0284543,12.42456645,657.4530208,639.1792254,12.24774299,651.4269683,Gastric cancer,32.86,707294.3295,232416.9167,26.71631704
2014,4341187.898,95631.41807,4436819.316,609.8011814,13.43322452,623.2344059,589.9093433,12.85715651,602.7664998,Gastric cancer,30.92,711902.179,220120.1537,24.58173168
2015,4264094.41,104778.4544,4368872.865,595.3933316,14.63016225,610.0234939,561.0582987,13.57084425,574.6291429,Gastric cancer,30.59,716181.083,219079.7933,23.55980019
2016,4169495.489,111938.4026,4281433.892,578.9063864,15.54189381,594.4482802,532.126058,13.99691668,546.1229747,Gastric cancer,29.63,720236.568,213406.0951,22.40222087
2017,4133232.117,114830.9458,4248063.063,570.6331876,15.85353708,586.4867247,506.7629403,13.96064842,520.7235887,Gastric cancer,28.72,724323.8225,208025.8018,21.43488139
2018,3902660.999,122026.9456,4024687.945,536.4246052,16.77272407,553.1973293,465.6335555,14.37103899,480.0045945,Gastric cancer,27.18,727532.0635,197743.2149,19.91001732
2019,3851125.725,128287.6208,3979413.345,527.7633592,17.58070511,545.3440644,447.2854583,14.6692725,461.9547308,Gastric cancer,26.30086951,729706.9145,191919.2634,19.09751076
2020,3741842.812,134691.0315,3876533.844,511.936196,18.42760846,530.3638044,422.7965102,14.97369508,437.7702053,Gastric cancer,25.31780745,730919.7595,185052.8573,18.12476074
2021,3629914.726,141190.5555,3771105.281,496.5836755,19.31530912,515.8989846,399.6483358,15.28443515,414.932771,Gastric cancer,24.37148984,730977.4575,178150.0968,17.20155867
2022,3519103.869,147909.9516,3667013.821,481.6915638,20.24577237,501.9373361,377.7675276,15.60162382,393.3691514,Gastric cancer,23.46054326,730572.037,171396.1688,16.32538078
2023,3411371.882,154935.3295,3566307.211,467.2460535,21.2210582,488.4671117,357.084697,15.92539492,373.0100919,Gastric cancer,22.58364564,730101.8075,164883.605,15.49383186
2024,3306268.783,162261.556,3468530.339,453.2337514,22.24332581,475.4770773,337.5342545,16.25588505,353.7901396,Gastric cancer,21.7395243,729484.239,158586.4034,14.70463867
2025,3203692.263,169896.4707,3373588.734,439.6416662,23.31483842,462.9565046,319.0542018,16.59323364,335.6474355,Gastric cancer,20.92695414,728705.332,152495.8306,13.9556438
2026,3103557.257,177848.1746,3281405.432,426.4571957,24.43796828,450.8951639,301.5859349,16.93758302,318.5235179,Gastric cancer,20.14475587,727753.521,146604.1701,13.2447997
2027,3005862.096,186129.3185,3191991.415,413.6681159,25.61520191,439.2833178,285.0740582,17.28907847,302.3631367,Gastric cancer,19.39179425,726636.156,140907.7883,12.57016313
2028,2910580.296,194751.7664,3105332.063,401.2625696,26.84914562,428.1117152,269.4662094,17.6478683,287.1140777,Gastric cancer,18.6669765,725355.5445,135401.949,11.92988981
2029,2817704.377,203729.2246,3021433.602,389.2290547,28.14253126,417.371586,254.7128927,18.01410388,272.7269966,Gastric cancer,17.96925065,723919.333,130082.8795,11.32222944
2030,2727227.771,213076.4249,2940304.196,377.5564145,29.49822228,407.0546368,240.7673224,18.38793973,259.1552621,Gastric cancer,17.29760409,722336.495,124946.9071,10.74552082
2031,2639131.226,222808.1441,2861939.37,366.2338266,30.91922009,397.1530467,227.5852742,18.76953356,246.3548078,Gastric cancer,16.65106203,720613.7265,119989.8386,10.19818741
2032,2553414.226,232941.8041,2786356.03,355.2507933,32.40867066,387.6594639,215.1249452,19.15904638,234.2839916,Gastric cancer,16.02868613,718763.835,115208.3991,9.678732958
2033,2470050.438,243493.89,2713544.328,344.5971315,33.96987152,378.567003,203.3468212,19.55664253,222.9034637,Gastric cancer,15.42957311,716793.6735,110598.2039,9.185737414
2034,2388958.899,254476.1054,2643435.005,334.2629638,35.60627905,369.8692429,192.2135512,19.96248975,212.176041,Gastric cancer,14.85285348,714694.4645,106152.5216,8.71785307
2035,2310135.664,265908.3048,2576043.969,324.2387088,37.32151612,361.5602249,181.6898296,20.37675927,202.0665888,Gastric cancer,14.2976902,712479.911,101868.1704,8.273800863
